{
  "formatVersion": 1,
  "database": {
    "version": 1,
    "identityHash": "ab6056d110b7ba2b9e4fa01ce66d93e7",
    "entities": [
      {
        "tableName": "ImageHistory",
        "createSql": "CREATE TABLE IF NOT EXISTS `${TABLE_NAME}` (`recordId` INTEGER NOT NULL, `image_name` TEXT, `created_time` TEXT, `absolute_path` TEXT, `thumbnail_path` TEXT, PRIMARY KEY(`recordId`))",
        "fields": [
          {
            "fieldPath": "recordId",
            "columnName": "recordId",
            "affinity": "INTEGER",
            "notNull": true
          },
          {
            "fieldPath": "imageName",
            "columnName": "image_name",
            "affinity": "TEXT",
            "notNull": false
          },
          {
            "fieldPath": "createdTime",
            "columnName": "created_time",
            "affinity": "TEXT",
            "notNull": false
          },
          {
            "fieldPath": "absolutePath",
            "columnName": "absolute_path",
            "affinity": "TEXT",
            "notNull": false
          },
          {
            "fieldPath": "thumbnailPath",
            "columnName": "thumbnail_path",
            "affinity": "TEXT",
            "notNull": false
          }
        ],
        "primaryKey": {
          "columnNames": [
            "recordId"
          ],
          "autoGenerate": false
        },
        "indices": [],
        "foreignKeys": []
      }
    ],
    "views": [],
    "setupQueries": [
      "CREATE TABLE IF NOT EXISTS room_master_table (id INTEGER PRIMARY KEY,identity_hash TEXT)",
      "INSERT OR REPLACE INTO room_master_table (id,identity_hash) VALUES(42, 'ab6056d110b7ba2b9e4fa01ce66d93e7')"
    ]
  }
}